Workbook

Sheet Ordre de passage
A1: Grille d'évaluation - "Communiquer sur les réseaux sociaux pour promouvoir sa TPE" - RS7200
C4: Nom et prénom des évaluateurs | F4: Anthony MALHEIRO | G4: Romain PICANO PALOMBO
C5: Date du Jury
A6: Renseigner selon l'ordre de passage, ainsi le nom et prénom est renseigné dans chaque feuille
A8: Remplir les cellules jaunes ainsi que les deux cellules grises ci-dessus (évaluateur et date)
A9: NB | B9: Heure de passage | C9: NOM | D9: Prénom | E9: Note finale / 20 | F9: Commentaires évaluateur 1 | G9: Commentaires évaluateur 2
A10: 1 | E10: ='Participant 1'!F15 | F10: ='Participant 1'!B21 | G10: ='Participant 1'!D21
A11: 2 | E11: ='Participant 2'!F15 | F11: ='Participant 2'!B21 | G11: ='Participant 2'!D21
A12: 3 | E12: ='Participant 3'!F15 | F12: ='Participant 3'!B21 | G12: ='Participant 3'!D21
A13: 4 | E13: ='Participant 4'!F15 | F13: ='Participant 4'!B21 | G13: ='Participant 4'!D21
A14: 5 | E14: ='Participant 5'!F15 | F14: ='Participant 5'!B21 | G14: ='Participant 5'!D21
A15: 6 | E15: ='Participant 6'!F15 | F15: ='Participant 6'!B21 | G15: ='Participant 6'!D21
A16: 7 | E16: ='Participant 7'!F15 | F16: ='Participant 7'!B21 | G16: ='Participant 7'!D21
A17: 8 | E17: ='Participant 8'!F15 | F17: ='Participant 8'!B21 | G17: ='Participant 8'!D21
A18: 9 | E18: ='Participant 9'!F15 | F18: ='Participant 9'!B21 | G18: ='Participant 9'!D21
A19: 10 | E19: ='Participant 10'!F15 | F19: ='Participant 10'!B21 | G19: ='Participant 10'!D21
A20: 11 | E20: =' Participant 11'!F15 | F20: =' Participant 11'!B21 | G20: =' Participant 11'!D21
A21: 12 | E21: =' Participant 12'!F15 | F21: =' Participant 12'!B21 | G21: =' Participant 12'!D21
A22: 13 | E22: ='Participant 13'!F15 | F22: ='Participant 13'!B21 | G22: ='Participant 13'!D21
A23: 14 | E23: ='Participant 14'!F15 | F23: ='Participant 14'!B21 | G23: ='Participant 14'!D21
A24: 15 | E24: ='Participant 15'!F15 | F24: ='Participant 15'!B21 | G24: ='Participant 15'!D21
A25: 16 | E25: =' Participant 16'!F15 | F25: =' Participant 16'!B21 | G25: =' Participant 16'!D21
A26: 17 | E26: ='Participant 17'!F15 | F26: ='Participant 17'!B21 | G26: ='Participant 17'!D21
A27: 18 | E27: ='Participant 18'!F15 | F27: ='Participant 18'!B21 | G27: ='Participant 18'!D21
A28: 19 | E28: =' Participant 19'!F15 | F28: =' Participant 19'!B21 | G28: =' Participant 19'!D21
A29: 20 | E29: ='Participant 20'!F15 | F29: ='Participant 20'!B21 | G29: ='Participant 20'!D21

Sheet Participant 1
A2: Grille d'évaluation : "Communiquer sur les réseaux sociaux pour promouvoir sa TPE" - RS7200
B4: Nom du candidat : | D4: =IF('Ordre de passage'!C10="","",'Ordre de passage'!C10) | F4: Date : | H4: =IF('Ordre de passage'!D5="","",'Ordre de passage'!D5) | I4: Important : renseigner les cellules de couleurs grises
B5: Prénom du candidat : | D5: =IF('Ordre de passage'!D10="","",'Ordre de passage'!D10) | J5: Commentaire obligatoire pour les critères que le candidat ne valide pas
B6: Heure de passage : | D6: =IF('Ordre de passage'!B10="","",'Ordre de passage'!B10)
B7: Compétences | D7: Critères | F7: Pts Max. | G7: Note Jury 1 | H7: Commentaires Jury 1 | I7: Note Jury 2 | J7: Commentaires Jury 2
A8: C1 | B8: Définir une stratégie sur les réseaux sociaux, adaptée aux ressources mobilisables par la TPE et en lien avec son activité, son public cible et ses objectifs commerciaux, afin d’élaborer un plan d’action pertinent à la mesure des capacités financières et temporelles données au projet. | D8: Cr1. Le plan d’action proposé par le candidat est en cohérence avec : - L’objectif visé - La ou les cible(s) visée (es) - La ou les période(s) de communication à exploiter - Le budget alloué | F8: 4
A9: C2 | B9: Identifier la ou les plateforme(s) de réseaux sociaux en comparant leurs positionnements sur le marché, en s’assurant de leur correspondance avec son public cible et en prenant en compte les pratiques de la concurrence afin d’identifier les bonnes communautés. | D9: Cr2. L’analyse de marché primaire réalisée permet de vérifier que le public visé correspond à la cible du produit / ou services et permet d’identifier le bon positionnement par rapport à la concurrence donnant l’avantage concurrentiel. | F9: 3
A10: C3 | B10: Créer et concevoir une page de présentation de son entreprise TPE sur les réseaux sociaux choisis, en intégrant les éléments de nom et d’identité visuelle pour l’ancrer dans le réseau social. | D10: Cr3.1. Le modèle du profil dirigeant conçu par le candidat respecte le nom et l’identité visuelle du projet d’entreprise et est adapté dans son format aux normes et usages du réseau social. Cr3.2. La page professionnelle du candidat : - Est complétée et paramétrée sur le réseau social choisi - Présente des contenus multimédias de qualité et harmonieux - Prend en compte les situations de handicap (plan d’accès, mode de contact) | F10: 3
A11: C4 | B11: Elaborer une stratégie éditoriale en tenant compte des spécificités propres à la TPE (objectifs qualitatifs, quantitatifs et temporels) afin d’établir un planning d’actions et ainsi organiser une régularité dans la ligne éditoriale. | D11: Cr4. Le planning est élaboré de façon à permettre une régularité et un rythme dans les objectifs de publication de promotion de l’activité produits et/ou services. | F11: 4
A12: C5 | B12: Animer la page de son entreprise TPE en publiant des posts (du contenu commercial, des informations sur les produits et sur l’entreprise, du contenu multimédia) en apportant des adaptations en fonction des différentes situations de handicap qui peuvent être prises en compte (sous-titrage par exemple) et en utilisant un ton en correspondance avec la communauté visée afin de générer des actions, des réactions ou des interactions du(des) public(s) visé(s). | D12: Cr5. La publication est correctement rédigée : - Le ton employé est dans l’esprit du réseau social concerné - La thématique choisie est en cohérence avec le projet de promotion des produits et/ou services de l’entreprise | F12: 3
A13: C6 | B13: Cultiver la e-réputation de son entreprise TPE en mettant en place des actions publicitaires sur le réseau social concerné, en répondant aux avis, commentaires et critiques publiés par la communauté dans la page de l’entreprise, en sélectionnant des e-influenceurs et en suivant les données transmises par le réseau social concerné afin d’attirer davantage de public(s) visé(s) et d’optimiser la performance de ses publications | D13: Cr6.1. Le candidat réalise correctement la campagne publicitaire sur l’outil de création de campagne du réseau social. Le candidat remplit les champs nécessaires en restant aligné avec : - La cible prédéfinie - Les informations relatives à l’entreprise - Le budget - La date de lancement de la campagne - Le contenu de la publication Cr6.2. Le candidat tient compte des potentielles situations de handicap des membres de sa communauté dans ses réponses. | F13: 3
A14: TOTAL (note sur 60) | F14: =SUM(F8:F13) | G14: =SUM(G8:G13) | I14: =SUM(I8:I13)
B15: L’obtention d’une note minimale de 10/20 permet la validation du parcours (attention, la moyenne est calculée pour 3 jurés, à changer si uniquement 2 membres) | F15: =(G14+I14)/2
F16: Note finale
B17: Nom et prénom des évaluateurs
B18: ='Ordre de passage'!F4 | D18: ='Ordre de passage'!G4
B20: Appréciation générale Jury 1 | D20: Appréciation générale Jury 2
J21: Signature de l'organisme

Sheet Participant 2
A2: Grille d'évaluation : "Communiquer sur les réseaux sociaux pour promouvoir sa TPE" - RS7200
B4: Nom du candidat : | D4: =IF('Ordre de passage'!C11="","",'Ordre de passage'!C11) | F4: Date : | H4: =IF('Ordre de passage'!D5="","",'Ordre de passage'!D5) | I4: Important : renseigner les cellules de couleurs grises
B5: Prénom du candidat : | D5: =IF('Ordre de passage'!D11="","",'Ordre de passage'!D11) | J5: Commentaire obligatoire pour les critères que le candidat ne valide pas
B6: Heure de passage : | D6: =IF('Ordre de passage'!B11="","",'Ordre de passage'!B11)
B7: Compétences | D7: Critères | F7: Pts Max. | G7: Note Jury 1 | H7: Commentaires Jury 1 | I7: Note Jury 2 | J7: Commentaires Jury 2
A8: C1 | B8: Définir une stratégie sur les réseaux sociaux, adaptée aux ressources mobilisables par la TPE et en lien avec son activité, son public cible et ses objectifs commerciaux, afin d’élaborer un plan d’action pertinent à la mesure des capacités financières et temporelles données au projet. | D8: Cr1. Le plan d’action proposé par le candidat est en cohérence avec : - L’objectif visé - La ou les cible(s) visée (es) - La ou les période(s) de communication à exploiter - Le budget alloué | F8: 4
A9: C2 | B9: Identifier la ou les plateforme(s) de réseaux sociaux en comparant leurs positionnements sur le marché, en s’assurant de leur correspondance avec son public cible et en prenant en compte les pratiques de la concurrence afin d’identifier les bonnes communautés. | D9: Cr2. L’analyse de marché primaire réalisée permet de vérifier que le public visé correspond à la cible du produit / ou services et permet d’identifier le bon positionnement par rapport à la concurrence donnant l’avantage concurrentiel. | F9: 3
A10: C3 | B10: Créer et concevoir une page de présentation de son entreprise TPE sur les réseaux sociaux choisis, en intégrant les éléments de nom et d’identité visuelle pour l’ancrer dans le réseau social. | D10: Cr3.1. Le modèle du profil dirigeant conçu par le candidat respecte le nom et l’identité visuelle du projet d’entreprise et est adapté dans son format aux normes et usages du réseau social. Cr3.2. La page professionnelle du candidat : - Est complétée et paramétrée sur le réseau social choisi - Présente des contenus multimédias de qualité et harmonieux - Prend en compte les situations de handicap (plan d’accès, mode de contact) | F10: 3
A11: C4 | B11: Elaborer une stratégie éditoriale en tenant compte des spécificités propres à la TPE (objectifs qualitatifs, quantitatifs et temporels) afin d’établir un planning d’actions et ainsi organiser une régularité dans la ligne éditoriale. | D11: Cr4. Le planning est élaboré de façon à permettre une régularité et un rythme dans les objectifs de publication de promotion de l’activité produits et/ou services. | F11: 4
A12: C5 | B12: Animer la page de son entreprise TPE en publiant des posts (du contenu commercial, des informations sur les produits et sur l’entreprise, du contenu multimédia) en apportant des adaptations en fonction des différentes situations de handicap qui peuvent être prises en compte (sous-titrage par exemple) et en utilisant un ton en correspondance avec la communauté visée afin de générer des actions, des réactions ou des interactions du(des) public(s) visé(s). | D12: Cr5. La publication est correctement rédigée : - Le ton employé est dans l’esprit du réseau social concerné - La thématique choisie est en cohérence avec le projet de promotion des produits et/ou services de l’entreprise | F12: 3
A13: C6 | B13: Cultiver la e-réputation de son entreprise TPE en mettant en place des actions publicitaires sur le réseau social concerné, en répondant aux avis, commentaires et critiques publiés par la communauté dans la page de l’entreprise, en sélectionnant des e-influenceurs et en suivant les données transmises par le réseau social concerné afin d’attirer davantage de public(s) visé(s) et d’optimiser la performance de ses publications | D13: Cr6.1. Le candidat réalise correctement la campagne publicitaire sur l’outil de création de campagne du réseau social. Le candidat remplit les champs nécessaires en restant aligné avec : - La cible prédéfinie - Les informations relatives à l’entreprise - Le budget - La date de lancement de la campagne - Le contenu de la publication Cr6.2. Le candidat tient compte des potentielles situations de handicap des membres de sa communauté dans ses réponses. | F13: 3
A14: TOTAL (note sur 60) | F14: =SUM(F8:F13) | G14: =SUM(G8:G13) | I14: =SUM(I8:I13)
B15: L’obtention d’une note minimale de 10/20 permet la validation du parcours (attention, la moyenne est calculée pour 3 jurés, à changer si uniquement 2 membres) | F15: =(G14+I14)/2
F16: Note finale
B17: Nom et prénom des évaluateurs
B18: ='Ordre de passage'!F4 | D18: ='Ordre de passage'!G4
B20: Appréciation générale Jury 1 | D20: Appréciation générale Jury 2
J21: Signature de l'organisme

Sheet Participant 3
A2: Grille d'évaluation : "Communiquer sur les réseaux sociaux pour promouvoir sa TPE" - RS7200
B4: Nom du candidat : | D4: =IF('Ordre de passage'!C12="","",'Ordre de passage'!C12) | F4: Date : | H4: =IF('Ordre de passage'!D5="","",'Ordre de passage'!D5) | I4: Important : renseigner les cellules de couleurs grises
B5: Prénom du candidat : | D5: =IF('Ordre de passage'!D12="","",'Ordre de passage'!D12) | J5: Commentaire obligatoire pour les critères que le candidat ne valide pas
B6: Heure de passage : | D6: =IF('Ordre de passage'!B12="","",'Ordre de passage'!B12)
B7: Compétences | D7: Critères | F7: Pts Max. | G7: Note Jury 1 | H7: Commentaires Jury 1 | I7: Note Jury 2 | J7: Commentaires Jury 2
A8: C1 | B8: Définir une stratégie sur les réseaux sociaux, adaptée aux ressources mobilisables par la TPE et en lien avec son activité, son public cible et ses objectifs commerciaux, afin d’élaborer un plan d’action pertinent à la mesure des capacités financières et temporelles données au projet. | D8: Cr1. Le plan d’action proposé par le candidat est en cohérence avec : - L’objectif visé - La ou les cible(s) visée (es) - La ou les période(s) de communication à exploiter - Le budget alloué | F8: 4
A9: C2 | B9: Identifier la ou les plateforme(s) de réseaux sociaux en comparant leurs positionnements sur le marché, en s’assurant de leur correspondance avec son public cible et en prenant en compte les pratiques de la concurrence afin d’identifier les bonnes communautés. | D9: Cr2. L’analyse de marché primaire réalisée permet de vérifier que le public visé correspond à la cible du produit / ou services et permet d’identifier le bon positionnement par rapport à la concurrence donnant l’avantage concurrentiel. | F9: 3
A10: C3 | B10: Créer et concevoir une page de présentation de son entreprise TPE sur les réseaux sociaux choisis, en intégrant les éléments de nom et d’identité visuelle pour l’ancrer dans le réseau social. | D10: Cr3.1. Le modèle du profil dirigeant conçu par le candidat respecte le nom et l’identité visuelle du projet d’entreprise et est adapté dans son format aux normes et usages du réseau social. Cr3.2. La page professionnelle du candidat : - Est complétée et paramétrée sur le réseau social choisi - Présente des contenus multimédias de qualité et harmonieux - Prend en compte les situations de handicap (plan d’accès, mode de contact) | F10: 3
A11: C4 | B11: Elaborer une stratégie éditoriale en tenant compte des spécificités propres à la TPE (objectifs qualitatifs, quantitatifs et temporels) afin d’établir un planning d’actions et ainsi organiser une régularité dans la ligne éditoriale. | D11: Cr4. Le planning est élaboré de façon à permettre une régularité et un rythme dans les objectifs de publication de promotion de l’activité produits et/ou services. | F11: 4
A12: C5 | B12: Animer la page de son entreprise TPE en publiant des posts (du contenu commercial, des informations sur les produits et sur l’entreprise, du contenu multimédia) en apportant des adaptations en fonction des différentes situations de handicap qui peuvent être prises en compte (sous-titrage par exemple) et en utilisant un ton en correspondance avec la communauté visée afin de générer des actions, des réactions ou des interactions du(des) public(s) visé(s). | D12: Cr5. La publication est correctement rédigée : - Le ton employé est dans l’esprit du réseau social concerné - La thématique choisie est en cohérence avec le projet de promotion des produits et/ou services de l’entreprise | F12: 3
A13: C6 | B13: Cultiver la e-réputation de son entreprise TPE en mettant en place des actions publicitaires sur le réseau social concerné, en répondant aux avis, commentaires et critiques publiés par la communauté dans la page de l’entreprise, en sélectionnant des e-influenceurs et en suivant les données transmises par le réseau social concerné afin d’attirer davantage de public(s) visé(s) et d’optimiser la performance de ses publications | D13: Cr6.1. Le candidat réalise correctement la campagne publicitaire sur l’outil de création de campagne du réseau social. Le candidat remplit les champs nécessaires en restant aligné avec : - La cible prédéfinie - Les informations relatives à l’entreprise - Le budget - La date de lancement de la campagne - Le contenu de la publication Cr6.2. Le candidat tient compte des potentielles situations de handicap des membres de sa communauté dans ses réponses. | F13: 3
A14: TOTAL (note sur 60) | F14: =SUM(F8:F13) | G14: =SUM(G8:G13) | I14: =SUM(I8:I13)
B15: L’obtention d’une note minimale de 10/20 permet la validation du parcours (attention, la moyenne est calculée pour 3 jurés, à changer si uniquement 2 membres) | F15: =(G14+I14)/2
F16: Note finale
B17: Nom et prénom des évaluateurs
B18: ='Ordre de passage'!F4 | D18: ='Ordre de passage'!G4
B20: Appréciation générale Jury 1 | D20: Appréciation générale Jury 2
J21: Signature de l'organisme

Sheet Participant 4
A2: Grille d'évaluation : "Communiquer sur les réseaux sociaux pour promouvoir sa TPE" - RS7200
B4: Nom du candidat : | D4: =IF('Ordre de passage'!C13="","",'Ordre de passage'!C13) | F4: Date : | H4: =IF('Ordre de passage'!D5="","",'Ordre de passage'!D5) | I4: Important : renseigner les cellules de couleurs grises
B5: Prénom du candidat : | D5: =IF('Ordre de passage'!D13="","",'Ordre de passage'!D13) | J5: Commentaire obligatoire pour les critères que le candidat ne valide pas
B6: Heure de passage : | D6: =IF('Ordre de passage'!B13="","",'Ordre de passage'!B13)
B7: Compétences | D7: Critères | F7: Pts Max. | G7: Note Jury 1 | H7: Commentaires Jury 1 | I7: Note Jury 2 | J7: Commentaires Jury 2
A8: C1 | B8: Définir une stratégie sur les réseaux sociaux, adaptée aux ressources mobilisables par la TPE et en lien avec son activité, son public cible et ses objectifs commerciaux, afin d’élaborer un plan d’action pertinent à la mesure des capacités financières et temporelles données au projet. | D8: Cr1. Le plan d’action proposé par le candidat est en cohérence avec : - L’objectif visé - La ou les cible(s) visée (es) - La ou les période(s) de communication à exploiter - Le budget alloué | F8: 4
A9: C2 | B9: Identifier la ou les plateforme(s) de réseaux sociaux en comparant leurs positionnements sur le marché, en s’assurant de leur correspondance avec son public cible et en prenant en compte les pratiques de la concurrence afin d’identifier les bonnes communautés. | D9: Cr2. L’analyse de marché primaire réalisée permet de vérifier que le public visé correspond à la cible du produit / ou services et permet d’identifier le bon positionnement par rapport à la concurrence donnant l’avantage concurrentiel. | F9: 3
A10: C3 | B10: Créer et concevoir une page de présentation de son entreprise TPE sur les réseaux sociaux choisis, en intégrant les éléments de nom et d’identité visuelle pour l’ancrer dans le réseau social. | D10: Cr3.1. Le modèle du profil dirigeant conçu par le candidat respecte le nom et l’identité visuelle du projet d’entreprise et est adapté dans son format aux normes et usages du réseau social. Cr3.2. La page professionnelle du candidat : - Est complétée et paramétrée sur le réseau social choisi - Présente des contenus multimédias de qualité et harmonieux - Prend en compte les situations de handicap (plan d’accès, mode de contact) | F10: 3
A11: C4 | B11: Elaborer une stratégie éditoriale en tenant compte des spécificités propres à la TPE (objectifs qualitatifs, quantitatifs et temporels) afin d’établir un planning d’actions et ainsi organiser une régularité dans la ligne éditoriale. | D11: Cr4. Le planning est élaboré de façon à permettre une régularité et un rythme dans les objectifs de publication de promotion de l’activité produits et/ou services. | F11: 4
A12: C5 | B12: Animer la page de son entreprise TPE en publiant des posts (du contenu commercial, des informations sur les produits et sur l’entreprise, du contenu multimédia) en apportant des adaptations en fonction des différentes situations de handicap qui peuvent être prises en compte (sous-titrage par exemple) et en utilisant un ton en correspondance avec la communauté visée afin de générer des actions, des réactions ou des interactions du(des) public(s) visé(s). | D12: Cr5. La publication est correctement rédigée : - Le ton employé est dans l’esprit du réseau social concerné - La thématique choisie est en cohérence avec le projet de promotion des produits et/ou services de l’entreprise | F12: 3
A13: C6 | B13: Cultiver la e-réputation de son entreprise TPE en mettant en place des actions publicitaires sur le réseau social concerné, en répondant aux avis, commentaires et critiques publiés par la communauté dans la page de l’entreprise, en sélectionnant des e-influenceurs et en suivant les données transmises par le réseau social concerné afin d’attirer davantage de public(s) visé(s) et d’optimiser la performance de ses publications | D13: Cr6.1. Le candidat réalise correctement la campagne publicitaire sur l’outil de création de campagne du réseau social. Le candidat remplit les champs nécessaires en restant aligné avec : - La cible prédéfinie - Les informations relatives à l’entreprise - Le budget - La date de lancement de la campagne - Le contenu de la publication Cr6.2. Le candidat tient compte des potentielles situations de handicap des membres de sa communauté dans ses réponses. | F13: 3
A14: TOTAL (note sur 60) | F14: =SUM(F8:F13) | G14: =SUM(G8:G13) | I14: =SUM(I8:I13)
B15: L’obtention d’une note minimale de 10/20 permet la validation du parcours (attention, la moyenne est calculée pour 3 jurés, à changer si uniquement 2 membres) | F15: =(G14+I14)/2
F16: Note finale
B17: Nom et prénom des évaluateurs
B18: ='Ordre de passage'!F4 | D18: ='Ordre de passage'!G4
B20: Appréciation générale Jury 1 | D20: Appréciation générale Jury 2
J21: Signature de l'organisme

Sheet Participant 5
A2: Grille d'évaluation : "Communiquer sur les réseaux sociaux pour promouvoir sa TPE" - RS7200
B4: Nom du candidat : | D4: =IF('Ordre de passage'!C14="","",'Ordre de passage'!C14) | F4: Date : | H4: =IF('Ordre de passage'!D5="","",'Ordre de passage'!D5) | I4: Important : renseigner les cellules de couleurs grises
B5: Prénom du candidat : | D5: =IF('Ordre de passage'!D14="","",'Ordre de passage'!D14) | J5: Commentaire obligatoire pour les critères que le candidat ne valide pas
B6: Heure de passage : | D6: =IF('Ordre de passage'!B14="","",'Ordre de passage'!B14)
B7: Compétences | D7: Critères | F7: Pts Max. | G7: Note Jury 1 | H7: Commentaires Jury 1 | I7: Note Jury 2 | J7: Commentaires Jury 2
A8: C1 | B8: Définir une stratégie sur les réseaux sociaux, adaptée aux ressources mobilisables par la TPE et en lien avec son activité, son public cible et ses objectifs commerciaux, afin d’élaborer un plan d’action pertinent à la mesure des capacités financières et temporelles données au projet. | D8: Cr1. Le plan d’action proposé par le candidat est en cohérence avec : - L’objectif visé - La ou les cible(s) visée (es) - La ou les période(s) de communication à exploiter - Le budget alloué | F8: 4
A9: C2 | B9: Identifier la ou les plateforme(s) de réseaux sociaux en comparant leurs positionnements sur le marché, en s’assurant de leur correspondance avec son public cible et en prenant en compte les pratiques de la concurrence afin d’identifier les bonnes communautés. | D9: Cr2. L’analyse de marché primaire réalisée permet de vérifier que le public visé correspond à la cible du produit / ou services et permet d’identifier le bon positionnement par rapport à la concurrence donnant l’avantage concurrentiel. | F9: 3
A10: C3 | B10: Créer et concevoir une page de présentation de son entreprise TPE sur les réseaux sociaux choisis, en intégrant les éléments de nom et d’identité visuelle pour l’ancrer dans le réseau social. | D10: Cr3.1. Le modèle du profil dirigeant conçu par le candidat respecte le nom et l’identité visuelle du projet d’entreprise et est adapté dans son format aux normes et usages du réseau social. Cr3.2. La page professionnelle du candidat : - Est complétée et paramétrée sur le réseau social choisi - Présente des contenus multimédias de qualité et harmonieux - Prend en compte les situations de handicap (plan d’accès, mode de contact) | F10: 3
A11: C4 | B11: Elaborer une stratégie éditoriale en tenant compte des spécificités propres à la TPE (objectifs qualitatifs, quantitatifs et temporels) afin d’établir un planning d’actions et ainsi organiser une régularité dans la ligne éditoriale. | D11: Cr4. Le planning est élaboré de façon à permettre une régularité et un rythme dans les objectifs de publication de promotion de l’activité produits et/ou services. | F11: 4
A12: C5 | B12: Animer la page de son entreprise TPE en publiant des posts (du contenu commercial, des informations sur les produits et sur l’entreprise, du contenu multimédia) en apportant des adaptations en fonction des différentes situations de handicap qui peuvent être prises en compte (sous-titrage par exemple) et en utilisant un ton en correspondance avec la communauté visée afin de générer des actions, des réactions ou des interactions du(des) public(s) visé(s). | D12: Cr5. La publication est correctement rédigée : - Le ton employé est dans l’esprit du réseau social concerné - La thématique choisie est en cohérence avec le projet de promotion des produits et/ou services de l’entreprise | F12: 3
A13: C6 | B13: Cultiver la e-réputation de son entreprise TPE en mettant en place des actions publicitaires sur le réseau social concerné, en répondant aux avis, commentaires et critiques publiés par la communauté dans la page de l’entreprise, en sélectionnant des e-influenceurs et en suivant les données transmises par le réseau social concerné afin d’attirer davantage de public(s) visé(s) et d’optimiser la performance de ses publications | D13: Cr6.1. Le candidat réalise correctement la campagne publicitaire sur l’outil de création de campagne du réseau social. Le candidat remplit les champs nécessaires en restant aligné avec : - La cible prédéfinie - Les informations relatives à l’entreprise - Le budget - La date de lancement de la campagne - Le contenu de la publication Cr6.2. Le candidat tient compte des potentielles situations de handicap des membres de sa communauté dans ses réponses. | F13: 3
A14: TOTAL (note sur 60) | F14: =SUM(F8:F13) | G14: =SUM(G8:G13) | I14: =SUM(I8:I13)
B15: L’obtention d’une note minimale de 10/20 permet la validation du parcours (attention, la moyenne est calculée pour 3 jurés, à changer si uniquement 2 membres) | F15: =(G14+I14)/2
F16: Note finale
B17: Nom et prénom des évaluateurs
B18: ='Ordre de passage'!F4 | D18: ='Ordre de passage'!G4
B20: Appréciation générale Jury 1 | D20: Appréciation générale Jury 2
J21: Signature de l'organisme

Sheet Participant 6
A2: Grille d'évaluation : "Communiquer sur les réseaux sociaux pour promouvoir sa TPE" - RS7200
B4: Nom du candidat : | D4: =IF('Ordre de passage'!C15="","",'Ordre de passage'!C15) | F4: Date : | H4: =IF('Ordre de passage'!D5="","",'Ordre de passage'!D5) | I4: Important : renseigner les cellules de couleurs grises
B5: Prénom du candidat : | D5: =IF('Ordre de passage'!D15="","",'Ordre de passage'!D15) | J5: Commentaire obligatoire pour les critères que le candidat ne valide pas
B6: Heure de passage : | D6: =IF('Ordre de passage'!B15="","",'Ordre de passage'!B15)
B7: Compétences | D7: Critères | F7: Pts Max. | G7: Note Jury 1 | H7: Commentaires Jury 1 | I7: Note Jury 2 | J7: Commentaires Jury 2
A8: C1 | B8: Définir une stratégie sur les réseaux sociaux, adaptée aux ressources mobilisables par la TPE et en lien avec son activité, son public cible et ses objectifs commerciaux, afin d’élaborer un plan d’action pertinent à la mesure des capacités financières et temporelles données au projet. | D8: Cr1. Le plan d’action proposé par le candidat est en cohérence avec : - L’objectif visé - La ou les cible(s) visée (es) - La ou les période(s) de communication à exploiter - Le budget alloué | F8: 4
A9: C2 | B9: Identifier la ou les plateforme(s) de réseaux sociaux en comparant leurs positionnements sur le marché, en s’assurant de leur correspondance avec son public cible et en prenant en compte les pratiques de la concurrence afin d’identifier les bonnes communautés. | D9: Cr2. L’analyse de marché primaire réalisée permet de vérifier que le public visé correspond à la cible du produit / ou services et permet d’identifier le bon positionnement par rapport à la concurrence donnant l’avantage concurrentiel. | F9: 3
A10: C3 | B10: Créer et concevoir une page de présentation de son entreprise TPE sur les réseaux sociaux choisis, en intégrant les éléments de nom et d’identité visuelle pour l’ancrer dans le réseau social. | D10: Cr3.1. Le modèle du profil dirigeant conçu par le candidat respecte le nom et l’identité visuelle du projet d’entreprise et est adapté dans son format aux normes et usages du réseau social. Cr3.2. La page professionnelle du candidat : - Est complétée et paramétrée sur le réseau social choisi - Présente des contenus multimédias de qualité et harmonieux - Prend en compte les situations de handicap (plan d’accès, mode de contact) | F10: 3
A11: C4 | B11: Elaborer une stratégie éditoriale en tenant compte des spécificités propres à la TPE (objectifs qualitatifs, quantitatifs et temporels) afin d’établir un planning d’actions et ainsi organiser une régularité dans la ligne éditoriale. | D11: Cr4. Le planning est élaboré de façon à permettre une régularité et un rythme dans les objectifs de publication de promotion de l’activité produits et/ou services. | F11: 4
A12: C5 | B12: Animer la page de son entreprise TPE en publiant des posts (du contenu commercial, des informations sur les produits et sur l’entreprise, du contenu multimédia) en apportant des adaptations en fonction des différentes situations de handicap qui peuvent être prises en compte (sous-titrage par exemple) et en utilisant un ton en correspondance avec la communauté visée afin de générer des actions, des réactions ou des interactions du(des) public(s) visé(s). | D12: Cr5. La publication est correctement rédigée : - Le ton employé est dans l’esprit du réseau social concerné - La thématique choisie est en cohérence avec le projet de promotion des produits et/ou services de l’entreprise | F12: 3
A13: C6 | B13: Cultiver la e-réputation de son entreprise TPE en mettant en place des actions publicitaires sur le réseau social concerné, en répondant aux avis, commentaires et critiques publiés par la communauté dans la page de l’entreprise, en sélectionnant des e-influenceurs et en suivant les données transmises par le réseau social concerné afin d’attirer davantage de public(s) visé(s) et d’optimiser la performance de ses publications | D13: Cr6.1. Le candidat réalise correctement la campagne publicitaire sur l’outil de création de campagne du réseau social. Le candidat remplit les champs nécessaires en restant aligné avec : - La cible prédéfinie - Les informations relatives à l’entreprise - Le budget - La date de lancement de la campagne - Le contenu de la publication Cr6.2. Le candidat tient compte des potentielles situations de handicap des membres de sa communauté dans ses réponses. | F13: 3
A14: TOTAL (note sur 60) | F14: =SUM(F8:F13) | G14: =SUM(G8:G13) | I14: =SUM(I8:I13)
B15: L’obtention d’une note minimale de 10/20 permet la validation du parcours (attention, la moyenne est calculée pour 3 jurés, à changer si uniquement 2 membres) | F15: =(G14+I14)/2
F16: Note finale
B17: Nom et prénom des évaluateurs
B18: ='Ordre de passage'!F4 | D18: ='Ordre de passage'!G4
B20: Appréciation générale Jury 1 | D20: Appréciation générale Jury 2
J21: Signature de l'organisme

Sheet Participant 7
A2: Grille d'évaluation : "Communiquer sur les réseaux sociaux pour promouvoir sa TPE" - RS7200
B4: Nom du candidat : | D4: =IF('Ordre de passage'!C16="","",'Ordre de passage'!C16) | F4: Date : | H4: =IF('Ordre de passage'!D5="","",'Ordre de passage'!D5) | I4: Important : renseigner les cellules de couleurs grises
B5: Prénom du candidat : | D5: =IF('Ordre de passage'!D16="","",'Ordre de passage'!D16) | J5: Commentaire obligatoire pour les critères que le candidat ne valide pas
B6: Heure de passage : | D6: =IF('Ordre de passage'!B16="","",'Ordre de passage'!B16)
B7: Compétences | D7: Critères | F7: Pts Max. | G7: Note Jury 1 | H7: Commentaires Jury 1 | I7: Note Jury 2 | J7: Commentaires Jury 2
A8: C1 | B8: Définir une stratégie sur les réseaux sociaux, adaptée aux ressources mobilisables par la TPE et en lien avec son activité, son public cible et ses objectifs commerciaux, afin d’élaborer un plan d’action pertinent à la mesure des capacités financières et temporelles données au projet. | D8: Cr1. Le plan d’action proposé par le candidat est en cohérence avec : - L’objectif visé - La ou les cible(s) visée (es) - La ou les période(s) de communication à exploiter - Le budget alloué | F8: 4
A9: C2 | B9: Identifier la ou les plateforme(s) de réseaux sociaux en comparant leurs positionnements sur le marché, en s’assurant de leur correspondance avec son public cible et en prenant en compte les pratiques de la concurrence afin d’identifier les bonnes communautés. | D9: Cr2. L’analyse de marché primaire réalisée permet de vérifier que le public visé correspond à la cible du produit / ou services et permet d’identifier le bon positionnement par rapport à la concurrence donnant l’avantage concurrentiel. | F9: 3
A10: C3 | B10: Créer et concevoir une page de présentation de son entreprise TPE sur les réseaux sociaux choisis, en intégrant les éléments de nom et d’identité visuelle pour l’ancrer dans le réseau social. | D10: Cr3.1. Le modèle du profil dirigeant conçu par le candidat respecte le nom et l’identité visuelle du projet d’entreprise et est adapté dans son format aux normes et usages du réseau social. Cr3.2. La page professionnelle du candidat : - Est complétée et paramétrée sur le réseau social choisi - Présente des contenus multimédias de qualité et harmonieux - Prend en compte les situations de handicap (plan d’accès, mode de contact) | F10: 3
A11: C4 | B11: Elaborer une stratégie éditoriale en tenant compte des spécificités propres à la TPE (objectifs qualitatifs, quantitatifs et temporels) afin d’établir un planning d’actions et ainsi organiser une régularité dans la ligne éditoriale. | D11: Cr4. Le planning est élaboré de façon à permettre une régularité et un rythme dans les objectifs de publication de promotion de l’activité produits et/ou services. | F11: 4
A12: C5 | B12: Animer la page de son entreprise TPE en publiant des posts (du contenu commercial, des informations sur les produits et sur l’entreprise, du contenu multimédia) en apportant des adaptations en fonction des différentes situations de handicap qui peuvent être prises en compte (sous-titrage par exemple) et en utilisant un ton en correspondance avec la communauté visée afin de générer des actions, des réactions ou des interactions du(des) public(s) visé(s). | D12: Cr5. La publication est correctement rédigée : - Le ton employé est dans l’esprit du réseau social concerné - La thématique choisie est en cohérence avec le projet de promotion des produits et/ou services de l’entreprise | F12: 3
A13: C6 | B13: Cultiver la e-réputation de son entreprise TPE en mettant en place des actions publicitaires sur le réseau social concerné, en répondant aux avis, commentaires et critiques publiés par la communauté dans la page de l’entreprise, en sélectionnant des e-influenceurs et en suivant les données transmises par le réseau social concerné afin d’attirer davantage de public(s) visé(s) et d’optimiser la performance de ses publications | D13: Cr6.1. Le candidat réalise correctement la campagne publicitaire sur l’outil de création de campagne du réseau social. Le candidat remplit les champs nécessaires en restant aligné avec : - La cible prédéfinie - Les informations relatives à l’entreprise - Le budget - La date de lancement de la campagne - Le contenu de la publication Cr6.2. Le candidat tient compte des potentielles situations de handicap des membres de sa communauté dans ses réponses. | F13: 3
A14: TOTAL (note sur 60) | F14: =SUM(F8:F13) | G14: =SUM(G8:G13) | I14: =SUM(I8:I13)
B15: L’obtention d’une note minimale de 10/20 permet la validation du parcours (attention, la moyenne est calculée pour 3 jurés, à changer si uniquement 2 membres) | F15: =(G14+I14)/2
F16: Note finale
B17: Nom et prénom des évaluateurs
B18: ='Ordre de passage'!F4 | D18: ='Ordre de passage'!G4
B20: Appréciation générale Jury 1 | D20: Appréciation générale Jury 2
J21: Signature de l'organisme
